{"version": "0.4.33", "metrics": [{"metric": "DatasetDriftMetric", "result": {"drift_share": 0.5, "number_of_columns": 10, "number_of_drifted_columns": 0, "share_of_drifted_columns": 0.0, "dataset_drift": false}}, {"metric": "DataDriftTable", "result": {"number_of_columns": 10, "number_of_drifted_columns": 0, "share_of_drifted_columns": 0.0, "dataset_drift": false, "drift_by_columns": {"proba_0": {"column_name": "proba_0", "column_type": "num", "stattest_name": "K-S p_value", "stattest_threshold": 0.05, "drift_score": 0.8154147124661313, "drift_detected": false, "current": {"small_distribution": {"x": [0.04782538488507271, 0.07518612593412399, 0.10254687070846558, 0.12990762293338776, 0.15726836025714874, 0.18462911248207092, 0.2119898498058319, 0.2393506020307541, 0.26671135425567627, 0.29407209157943726, 0.32143282890319824], "y": [2.192923060542633, 4.7513326509266545, 5.482305412033555, 9.50266788951653, 3.6548702746890367, 4.385846718238399, 2.5584091922823258, 1.096461082406711, 1.4619489060794664, 1.4619489060794664]}}, "reference": {"small_distribution": {"x": [0.029581498354673386, 0.059790559113025665, 0.08999961614608765, 0.12020868062973022, 0.1504177451133728, 0.1806267946958542, 0.21083585917949677, 0.24104492366313934, 0.2712539732456207, 0.3014630377292633, 0.3316721022129059], "y": [0.993079534646092, 3.641292076068831, 6.951555885277729, 7.9446352974602625, 4.965399510184754, 4.965397060912664, 1.3241058829100436, 0.6620532680246337, 0.6620529414550218, 0.9930794121825328]}}}, "proba_1": {"column_name": "proba_1", "column_type": "num", "stattest_name": "K-S p_value", "stattest_threshold": 0.05, "drift_score": 0.36818778606286096, "drift_detected": false, "current": {"small_distribution": {"x": [0.0007026597741059959, 0.0013213858474045992, 0.0019401119789108634, 0.0025588381104171276, 0.00317756412550807, 0.0037962901405990124, 0.004415016155689955, 0.0050337426364421844, 0.005652468651533127, 0.006271194666624069, 0.006889920681715012], "y": [64.6489645841959, 210.1091151322802, 339.40703213676034, 339.4070959973026, 210.10915466499685, 145.46018399884397, 113.13561351842583, 64.64897066615288, 48.48672799961466, 80.81121333269111]}}, "reference": {"small_distribution": {"x": [0.0008170564542524517, 0.0013878631871193647, 0.001958669861778617, 0.002529476536437869, 0.0031002832110971212, 0.0036710898857563734, 0.004241896793246269, 0.004812703467905521, 0.0053835101425647736, 0.005954316817224026, 0.006525123491883278], "y": [70.07625820931975, 402.93852579299363, 332.8622604376904, 262.78599508238716, 192.7097297270839, 140.152473542756, 140.15253071060647, 105.11439803295485, 52.557199016477426, 52.557199016477426]}}}, "proba_2": {"column_name": "proba_2", "column_type": "num", "stattest_name": "K-S p_value", "stattest_threshold": 0.05, "drift_score": 0.9084105017744525, "drift_detected": false, "current": {"small_distribution": {"x": [0.13426630198955536, 0.18458691239356995, 0.23490750789642334, 0.28522810339927673, 0.3355486989021301, 0.3858693242073059, 0.4361899197101593, 0.4865105152130127, 0.5368311405181885, 0.5871517062187195, 0.6374723315238953], "y": [1.192354375637963, 3.57706418616992, 4.371967338652124, 3.179612609928818, 2.7821593859566, 2.384709457446613, 1.1923547287233065, 0.5961770112764143, 0.19872590581577018, 0.39745134085094286]}}, "reference": {"small_distribution": {"x": [0.14315210282802582, 0.18566714227199554, 0.22818216681480408, 0.2706972062587738, 0.31321224570274353, 0.35572728514671326, 0.398242324590683, 0.4407573342323303, 0.48327237367630005, 0.5257874131202698, 0.5683024525642395], "y": [1.8816870699468935, 3.057742560376568, 4.23379590738051, 3.2929523724070635, 3.998585023637149, 2.116897953690255, 2.3521104862232196, 1.41126530246017, 0.9408435349734467, 0.2352108837433617]}}}, "proba_3": {"column_name": "proba_3", "column_type": "num", "stattest_name": "K-S p_value", "stattest_threshold": 0.05, "drift_score": 0.9084105017744525, "drift_detected": false, "current": {"small_distribution": {"x": [0.07480191439390182, 0.09481323510408401, 0.1148245558142662, 0.134835883975029, 0.15484720468521118, 0.17485852539539337, 0.19486984610557556, 0.21488116681575775, 0.23489248752593994, 0.25490379333496094, 0.2749151289463043], "y": [1.4991514270587527, 6.996039992940846, 10.99377303858147, 10.993777131764187, 8.495191419999598, 3.99773713882334, 1.99886856941167, 1.4991514270587527, 1.499152543382559, 1.9988670809821452]}}, "reference": {"small_distribution": {"x": [0.05897054448723793, 0.08394485712051392, 0.1089191734790802, 0.13389348983764648, 0.15886780619621277, 0.18384212255477905, 0.20881643891334534, 0.23379075527191162, 0.2587650716304779, 0.2837393879890442, 0.3087137043476105], "y": [0.40041142060005747, 3.603702247854711, 9.609872660945896, 10.010284021818642, 6.006170413091184, 4.004113608727456, 2.80287952610922, 0.8008227217454913, 2.002056804363728, 0.8008227217454913]}}}, "proba_4": {"column_name": "proba_4", "column_type": "num", "stattest_name": "K-S p_value", "stattest_threshold": 0.05, "drift_score": 0.2819416298082479, "drift_detected": false, "current": {"small_distribution": {"x": [0.08465659618377686, 0.10189450532197952, 0.11913241446018219, 0.13637033104896545, 0.15360823273658752, 0.1708461493253708, 0.18808406591415405, 0.20532196760177612, 0.2225598841905594, 0.23979778587818146, 0.2570357024669647], "y": [5.221050840820476, 8.121634641276296, 11.60233018705638, 8.12163815161616, 8.121631130939466, 4.640932074822552, 7.541521140786434, 1.160233018705638, 1.740351032489177, 1.740349528058457]}}, "reference": {"small_distribution": {"x": [0.09115771949291229, 0.10906034708023071, 0.12696297466754913, 0.14486560225486755, 0.16276822984218597, 0.1806708574295044, 0.198573499917984, 0.21647612750530243, 0.23437875509262085, 0.2522813677787781, 0.2701840102672577], "y": [3.351463337286972, 10.054390011860916, 8.37865834321743, 13.405853349147888, 8.37865834321743, 4.468614063621064, 3.9100405601681336, 2.234308891524648, 0.0, 1.6757302738578987]}}}, "proba_5": {"column_name": "proba_5", "column_type": "num", "stattest_name": "K-S p_value", "stattest_threshold": 0.05, "drift_score": 0.469506448503778, "drift_detected": false, "current": {"small_distribution": {"x": [0.01982775516808033, 0.027969488874077797, 0.03611122444272041, 0.04425295814871788, 0.05239469185471535, 0.060536425560712814, 0.06867816299200058, 0.07681989669799805, 0.08496163040399551, 0.09310336410999298, 0.10124509781599045], "y": [11.054156675955033, 29.477744392036627, 30.705990766541753, 23.336552982571735, 13.510635937278371, 6.141195343374219, 1.22823963066167, 4.91295852264668, 1.22823963066167, 1.22823963066167]}}, "reference": {"small_distribution": {"x": [0.014472976326942444, 0.022420044988393784, 0.030367115512490273, 0.03831418603658676, 0.0462612546980381, 0.05420832335948944, 0.06215539202094078, 0.07010246068239212, 0.07804953306913376, 0.0859965980052948, 0.09394367039203644], "y": [2.5166512146816515, 12.583253124127662, 30.19980749790639, 28.94148896883899, 12.583256073408256, 16.358232895430735, 10.066604858726606, 2.5166500349696896, 2.516652394394719, 7.549950104909069]}}}, "proba_6": {"column_name": "proba_6", "column_type": "num", "stattest_name": "K-S p_value", "stattest_threshold": 0.05, "drift_score": 0.7020569828664881, "drift_detected": false, "current": {"small_distribution": {"x": [0.03697729855775833, 0.054202549159526825, 0.07142779976129532, 0.08865305036306381, 0.1058783009648323, 0.1231035590171814, 0.1403288096189499, 0.15755406022071838, 0.17477931082248688, 0.19200456142425537, 0.20922981202602386], "y": [6.966516933441872, 11.03031847794963, 21.480093878112438, 11.03031847794963, 3.4832569600788954, 1.741629233360468, 0.5805430777868227, 1.1610861555736454, 0.0, 0.5805430777868227]}},