{"version": "0.4.33", "metrics": [{"metric": "DatasetDriftMetric", "result": {"drift_share": 0.5, "number_of_columns": 10, "number_of_drifted_columns": 3, "share_of_drifted_columns": 0.3, "dataset_drift": false}}, {"metric": "DataDriftTable", "result": {"number_of_columns": 10, "number_of_drifted_columns": 3, "share_of_drifted_columns": 0.3, "dataset_drift": false, "drift_by_columns": {"proba_0": {"column_name": "proba_0", "column_type": "num", "stattest_name": "K-S p_value", "stattest_threshold": 0.05, "drift_score": 0.05390207893129876, "drift_detected": false, "current": {"small_distribution": {"x": [0.14081336557865143, 0.18266232311725616, 0.2245112806558609, 0.26636022329330444, 0.3082091808319092, 0.3500581383705139, 0.39190709590911865, 0.4337560534477234, 0.4756050109863281, 0.5174539685249329, 0.5593029260635376], "y": [2.389545782777318, 3.1064095176105133, 3.5843199504350287, 3.823273252443709, 3.584318674165977, 3.1064095176105133, 1.6726820479441227, 1.4337274696663909, 0.7168637348331954, 0.4779091565554636]}}, "reference": {"small_distribution": {"x": [0.09649491310119629, 0.14291851222515106, 0.18934211134910583, 0.2357657253742218, 0.2821893095970154, 0.32861292362213135, 0.3750365376472473, 0.4214601218700409, 0.46788373589515686, 0.5143073201179504, 0.5607309341430664], "y": [1.723261477129197, 1.9386691617703469, 3.446521847985322, 5.169786090798265, 4.3081523099816526, 2.8002990014880744, 1.0770387689163052, 0.6462228464972479, 0.0, 0.43081523099816527]}}}, "proba_1": {"column_name": "proba_1", "column_type": "num", "stattest_name": "K-S p_value", "stattest_threshold": 0.05, "drift_score": 0.1548386665118475, "drift_detected": false, "current": {"small_distribution": {"x": [0.0004668829496949911, 0.000852986064273864, 0.001239089178852737, 0.0016251923516392708, 0.002011295408010483, 0.002397398464381695, 0.0027835017535835505, 0.0031696048099547625, 0.0035557078663259745, 0.00394181115552783, 0.004327914211899042], "y": [258.9981697222804, 725.1948752223851, 725.1947658943599, 492.0965966592293, 207.19856701441236, 129.49902629257295, 25.899820876801545, 0.0, 0.0, 25.899820876801545]}}, "reference": {"small_distribution": {"x": [0.0003397035179659724, 0.0006777512026019394, 0.0010157988872379065, 0.0013538466300815344, 0.0016918942565098405, 0.0020299418829381466, 0.0023679896257817745, 0.0027060373686254025, 0.0030440851114690304, 0.0033821326214820147, 0.0037201803643256426], "y": [177.48975285724, 502.88763309551337, 976.1934726262893, 739.5407642450066, 325.3979362678029, 88.74486114784449, 88.74486114784449, 29.58162038261483, 0.0, 29.58162038261483]}}}, "proba_2": {"column_name": "proba_2", "column_type": "num", "stattest_name": "K-S p_value", "stattest_threshold": 0.05, "drift_score": 0.009878183186176536, "drift_detected": true, "current": {"small_distribution": {"x": [0.08679842948913574, 0.1309717297554016, 0.17514503002166748, 0.21931833028793335, 0.2634916305541992, 0.3076649308204651, 0.35183823108673096, 0.3960115313529968, 0.4401848316192627, 0.48435813188552856, 0.5285314321517944], "y": [2.037429837877224, 6.112289513631672, 7.017813886021548, 2.9429542102671014, 1.8110487447797545, 1.358286558584816, 1.1319054654873466, 0.0, 0.0, 0.22638109309746932]}}, "reference": {"small_distribution": {"x": [0.1061684787273407, 0.15026487410068512, 0.19436126947402954, 0.23845766484737396, 0.2825540602207184, 0.3266504406929016, 0.3707468509674072, 0.41484326124191284, 0.45893964171409607, 0.5030360221862793, 0.5471324324607849], "y": [3.174862680150673, 4.762294020226009, 4.3087422087759135, 4.3087422087759135, 3.8551917000815745, 1.3606549745544496, 0.45355165818481646, 0.22677598235773966, 0.0, 0.22677582909240823]}}}, "proba_3": {"column_name": "proba_3", "column_type": "num", "stattest_name": "K-S p_value", "stattest_threshold": 0.05, "drift_score": 0.11119526053829192, "drift_detected": false, "current": {"small_distribution": {"x": [0.06365141272544861, 0.09048771113157272, 0.11732400953769684, 0.14416030049324036, 0.17099660634994507, 0.1978328973054886, 0.2246691882610321, 0.2515054941177368, 0.27834179997444153, 0.30517807602882385, 0.33201438188552856], "y": [2.235777792152879, 2.235777792152879, 2.9810378838315046, 3.7262952857207905, 4.471556825747257, 4.471556825747257, 5.589442928581185, 6.334701985725343, 2.6084095967021885, 2.608406700004553]}}, "reference": {"small_distribution": {"x": [0.10379289090633392, 0.13549228012561798, 0.16719166934490204, 0.1988910585641861, 0.23059044778347015, 0.262289822101593, 0.2939892113208771, 0.32568860054016113, 0.3573879897594452, 0.38908737897872925, 0.4207867681980133], "y": [2.8391714230648097, 1.5773174572582276, 4.731952371774683, 6.30926982903291, 6.624736434622333, 5.6783428461296195, 3.154634914516455, 0.31546349145164554, 0.0, 0.31546349145164554]}}}, "proba_4": {"column_name": "proba_4", "column_type": "num", "stattest_name": "K-S p_value", "stattest_threshold": 0.05, "drift_score": 0.21117008625127576, "drift_detected": false, "current": {"small_distribution": {"x": [0.010982390493154526, 0.022300826385617256, 0.03361926227807999, 0.044937700033187866, 0.056256137788295746, 0.06757457554340363, 0.0788930132985115, 0.09021144360303879, 0.10152988135814667, 0.11284831911325455, 0.12416675686836243], "y": [34.457057821895, 29.15597200314192, 12.369198208190847, 5.301084946367505, 3.53405663091167, 0.8835141577279175, 0.8835147393185855, 0.0, 0.0, 1.767028315455835]}}, "reference": {"small_distribution": {"x": [0.012640529312193394, 0.019579285755753517, 0.026518041267991066, 0.033456798642873764, 0.04039555415511131, 0.04733430966734886, 0.05427306517958641, 0.06121182069182396, 0.0681505799293518, 0.07508933544158936, 0.0820280909538269], "y": [20.176526030097847, 49.00014122134125, 27.38242450842461, 14.41180624157096, 10.08826436909967, 8.647083744942575, 7.20590312078548, 2.8823597008282467, 1.4411806241570957, 2.8823612483141914]}}}, "proba_5": {"column_name": "proba_5", "column_type": "num", "stattest_name": "K-S p_value", "stattest_threshold": 0.05, "drift_score": 0.03638428787491733, "drift_detected": true, "current": {"small_distribution": {"x": [0.018935175612568855, 0.030402733013033867, 0.04187029227614403, 0.05333784967660904, 0.06480541080236435, 0.07627296447753906, 0.08774052560329437, 0.09920807927846909, 0.1106756404042244, 0.12214319407939911, 0.13361075520515442], "y": [7.848227556842269, 10.464301709434055, 15.696455113684538, 15.696450014618458, 13.952409078003493, 13.08037501218205, 5.23215340425131, 0.8720250008121365, 2.616076702125655, 1.744050001624273]}}, "reference": {"small_distribution": {"x": [0.028734520077705383, 0.04085847735404968, 0.05298243463039398, 0.06510639190673828, 0.07723034918308258, 0.08935430645942688, 0.10147826373577118, 0.11360222101211548, 0.12572617828845978, 0.13785013556480408, 0.14997409284114838], "y": [9.072945202027961, 7.42331880165924, 20.620330004609006, 19.795516804424643, 13.197011202949762, 7.42331880165924, 2.4744396005530804, 1.6496264003687202, 0.0, 0.8248132001843601]}}}, "proba_6": {"column_name": "proba_6", "column_type": "num", "stattest_name": "K-S p_value", "stattest_threshold": 0.05, "drift_score": 0.21117008625127576, "drift_detected": false, "current": {"small_distribution": {"x": [0.02012646198272705, 0.030531812459230423, 0.040937162935733795, 0.05134250968694687, 0.06174786016345024, 0.07215321063995361, 0.08255855739116669, 0.09296391159296036, 0.10336925834417343, 0.1137746125459671, 0.12417995929718018], "y": [8.649396308488758, 13.4546164798714, 22.104020701970953, 25.94818892546627, 16.337748582700986, 5.766266270079379, 2.883131070620221, 0.0, 0.0, 0.9610443783465632]}}, "reference": {"small_distribution": {"x": [0.013909002766013145, 0.023044276982545853, 0.03217954933643341, 0.04131482169032097, 0.05045009404420853, 0.05958537012338638, 0.06872063875198364, 0.0778559148311615, 0.08699119091033936, 0.09612645953893661, 0.10526173561811447],